809.448.935-97;Thales Ruan Julio Galvão;tthalesruanjuliogalvao@dyna.com.br
075.688.803-46;Isabela Sophie Mariana Jesus;isabelasophiemarianajesus_@raya3.com.br
460.744.717-03;Flávia Cristiane Isabel Campos;flaviacristianeisabelcampos..flaviacristianeisabelcampos@cernizza.com.br
893.293.130-51;Guilherme Enrico Santos;gguilhermeenricosantos@gvmail.br
363.920.504-93;Sérgio Isaac Barbosa;ssergioisaacbarbosa@imail.com
517.268.181-79;Benício Victor Teixeira;bbeniciovictorteixeira@iblojas.com.br
079.979.575-53;Antonella Sophia Ayla da Luz;antonellasophiaayladaluz-70@libbero.com.br
807.891.962-04;Bruno Edson Barbosa;bbrunoedsonbarbosa@rauh.net
731.799.095-79;Tiago Julio Noah Ferreira;tiagojulionoahferreira-82@suplementototal.com.br
011.903.378-00;Gabriela Maya Lorena Santos;gabrielamayalorenasantos..gabrielamayalorenasantos@santosferreira.abv.br
184.830.202-97;Mário Roberto Sales;mariorobertosales__mariorobertosales@freitas.net.br
339.101.173-41;Sabrina Aurora Flávia Monteiro;sabrinaauroraflaviamonteiro__sabrinaauroraflaviamonteiro@acesse.net
150.535.874-42;Emanuel Anthony Danilo da Mota;emanuelanthonydanilodamota-78@commscope.com
521.045.447-93;Betina Bárbara da Mata;betinabarbaradamata..betinabarbaradamata@tanet.com.br
301.241.296-41;Davi Bruno Farias;davibrunofarias__davibrunofarias@carreiradasilva.com
940.782.627-91;Antonio Luís Vicente Souza;antonioluisvicentesouza-98@unifox.com.br
024.662.394-26;Victor Guilherme Nogueira;victorguilhermenogueira..victorguilhermenogueira@semco.com.br
123.755.737-22;Kaique Bryan da Rosa;kaiquebryandarosa_@gruporeis.net
787.819.861-65;Ryan Theo Rodrigues;ryantheorodrigues-92@uzgames.com
859.729.519-83;Andrea Sônia Baptista;andreasoniabaptista-90@cppcoder.com
055.173.959-29;Mário Isaac Freitas;marioisaacfreitas-99@pierproj.com.br
276.134.049-35;Luna Luciana Helena Barros;lunalucianahelenabarros_@wredenborg.se
630.785.693-90;Mateus Enrico Farias;mateusenricofarias__mateusenricofarias@deltaturismo.com.br
577.126.228-50;Calebe Marcelo Luiz da Silva;calebemarceloluizdasilva-77@l3ambiental.com.br
028.391.709-14;Fernando Leandro de Paula;fernandoleandrodepaula__fernandoleandrodepaula@signainfo.com.br
427.674.006-17;Beatriz Patrícia Isis Pereira;beatrizpatriciaisispereira_@oralcamp.com.br
217.936.187-47;Rosa Beatriz Bruna Gonçalves;rosabeatrizbrunagoncalves-93@qmagico.com.br
717.055.709-68;Raquel Isis Olivia de Paula;raquelisisoliviadepaula..raquelisisoliviadepaula@imail.com
218.796.908-88;Manuela Beatriz Giovanna Nunes;manuelabeatrizgiovannanunes_@focoreducao.com.br
460.928.080-99;Sônia Renata Moreira;soniarenatamoreira__soniarenatamoreira@orthoi.com.br
308.160.199-16;Nathan Anderson Oliveira;nathanandersonoliveira__nathanandersonoliveira@rafaeladson.com
006.889.124-51;Sarah Evelyn Raquel Corte Real;sarahevelynraquelcortereal_@maiamaquinas.com.br
624.660.399-82;Mariane Alícia Fogaça;mmarianealiciafogaca@selfcd.com.br
126.842.716-07;Benedito Gustavo Monteiro;bbeneditogustavomonteiro@agacapital.com.br
302.613.052-47;Tereza Mariah Allana Pires;terezamariahallanapires-70@sygma.com.br
266.725.241-18;Juliana Sabrina Heloise Lima;julianasabrinaheloiselima..julianasabrinaheloiselima@inbox.com
999.617.202-37;Bryan Matheus Arthur Peixoto;bryanmatheusarthurpeixoto..bryanmatheusarthurpeixoto@cbaidiomas.com
479.517.468-78;Henrique Marcelo Ferreira;henriquemarceloferreira..henriquemarceloferreira@konzeption.com.br
572.329.411-37;Fernanda Andrea Vieira;fernandaandreavieira-90@soupelli.com.br
991.700.926-48;Marcos João Lima;marcosjoaolima__marcosjoaolima@queirozgalvao.com
450.731.311-26;Enzo Henrique Eduardo Cardoso;enzohenriqueeduardocardoso..enzohenriqueeduardocardoso@vilasites.com.br
799.591.332-06;Benedita Patrícia da Cruz;beneditapatriciadacruz__beneditapatriciadacruz@renovacao.com.br
951.059.499-78;Manuela Mariah Eliane Pires;manuelamariahelianepires-93@hydropowermc.com.br
610.857.871-84;Benedita Caroline da Mata;bbeneditacarolinedamata@mcexecutiva.com.br
351.170.488-06;Manuel Márcio Mário Campos;manuelmarciomariocampos-83@teravida.com.br
002.072.557-41;Murilo Benício Rodrigues;murilobeniciorodrigues_@franciscofilho.adv.br
535.757.293-36;Diogo Guilherme da Costa;ddiogoguilhermedacosta@zizafernandes.com
397.282.480-75;Rayssa Rosângela Castro;rayssarosangelacastro..rayssarosangelacastro@opusvp.com.br
117.848.962-09;Augusto Yago Thomas Rocha;augustoyagothomasrocha-82@sgstelecom.com.br
124.298.057-15;Bárbara Laura Sabrina Peixoto;barbaralaurasabrinapeixoto_@hotmail.co.uk
010.813.263-36;Rafael Ian Ferreira;rafaelianferreira..rafaelianferreira@unitau.com.br
707.190.499-54;Pedro Rodrigo Figueiredo;pedrorodrigofigueiredo..pedrorodrigofigueiredo@isometro.com.br
197.438.844-16;Raimunda Teresinha Daiane dos Santos;rraimundateresinhadaianedossantos@br.loreal.com
841.367.452-22;Benedito Carlos Eduardo Fernandes;beneditocarloseduardofernandes..beneditocarloseduardofernandes@grupoaerius.com.br
013.922.133-63;Renan Enzo Raimundo de Paula;renanenzoraimundodepaula_@db4.com.br
106.738.971-76;Roberto Guilherme Paulo Farias;robertoguilhermepaulofarias_@officetectecnologia.com.br
750.778.287-50;Marcelo Lorenzo Lucca Silveira;marcelolorenzoluccasilveira-74@imagemeaudio.com.br
139.737.653-83;Rodrigo Vicente Raul Fernandes;rodrigovicenteraulfernandes_@mrv.com.br
082.191.994-66;Ester Jennifer Cavalcanti;esterjennifercavalcanti..esterjennifercavalcanti@sdrifs.com.br
747.814.101-38;Cauã Gabriel Mendes;ccauagabrielmendes@cteep.com.br
631.506.403-50;Henry Martin Marcos Teixeira;hhenrymartinmarcosteixeira@helpvale.com.br
188.919.220-13;Ruan Kevin Davi Aragão;ruankevindaviaragao..ruankevindaviaragao@granadaimoveis.com.br
494.472.210-92;Rosângela Maria Baptista;rrosangelamariabaptista@costaporto.com.br
677.471.036-03;Lucca Miguel Murilo Gonçalves;luccamiguelmurilogoncalves..luccamiguelmurilogoncalves@nipbr.com.br
442.667.838-25;Evelyn Julia Peixoto;evelynjuliapeixoto-89@lucaslima.com
030.210.766-53;Igor Miguel Caleb da Mata;igormiguelcalebdamata-93@moderna.com.br
984.370.434-76;Isadora Rafaela Silva;isadorarafaelasilva-76@hubersuhner.com
947.323.955-62;Valentina Márcia Nascimento;valentinamarcianascimento..valentinamarcianascimento@netwis.com.br
611.833.174-09;Daiane Cláudia Figueiredo;daianeclaudiafigueiredo_@grupoannaprado.com.br
308.588.848-95;Hadassa Cecília Nair Mendes;hadassacecilianairmendes__hadassacecilianairmendes@marsans.com.br
176.843.281-31;Vitória Esther Isabelle Gonçalves;vitoriaestherisabellegoncalves__vitoriaestherisabellegoncalves@tirel.com.br
435.932.319-05;Matheus Jorge Farias;matheusjorgefarias..matheusjorgefarias@arcante.com.br
385.581.240-35;Nelson Hugo Nascimento;nelsonhugonascimento_@skapcom.com.br
527.451.802-82;Raimunda Lara Ribeiro;raimundalararibeiro__raimundalararibeiro@statusseguros.com.br
531.646.274-24;Eduarda Sophie Isis da Conceição;eduardasophieisisdaconceicao-89@r7.com.br
918.374.897-00;Pietra Isis Moreira;pietraisismoreira-77@inforgel.com
089.238.042-07;Davi Carlos Antonio Carvalho;davicarlosantoniocarvalho..davicarlosantoniocarvalho@ygui.com.br
629.231.700-59;Danilo Iago Cauã das Neves;daniloiagocauadasneves_@krika.com.br
396.908.304-49;Matheus Felipe Barros;matheusfelipebarros_@compecia.com.br
933.036.138-26;Davi Pedro Henrique Levi Caldeira;davipedrohenriquelevicaldeira-78@wsiconsultores.com.br
243.067.029-10;Allana Raquel Gonçalves;aallanaraquelgoncalves@tce.sp.gov.br
291.037.241-31;Jaqueline Mariane Castro;jaquelinemarianecastro_@br.live.com
166.031.909-90;Sophia Heloisa Isabela da Paz;sophiaheloisaisabeladapaz__sophiaheloisaisabeladapaz@cathedranet.com.br
396.551.502-08;Rafaela Aline Isadora da Costa;rafaelaalineisadoradacosta..rafaelaalineisadoradacosta@jcoronel.com.br
454.016.004-45;Leandro Nathan Lucca da Luz;leandronathanluccadaluz-99@athos.srv.br
716.905.895-23;Bento Benício Julio Moreira;bbentobeniciojuliomoreira@grupoamericaville.com.br
925.362.582-11;Melissa Regina Dias;mmelissareginadias@vigaconstrucao.com.br
140.392.415-50;Isabella Nicole Aparecida Aragão;isabellanicoleaparecidaaragao__isabellanicoleaparecidaaragao@igi.com.br
587.939.220-19;Anthony Ricardo Aragão;anthonyricardoaragao__anthonyricardoaragao@gilconsultoria.com.br
595.783.203-02;Luiz Juan Raul Assunção;luizjuanraulassuncao__luizjuanraulassuncao@portoweb.com.br
583.668.153-82;César Alexandre Bernardes;cesaralexandrebernardes__cesaralexandrebernardes@gmx.net
385.955.980-02;Luana Francisca da Cunha;luanafranciscadacunha_@racml.com.br
589.657.467-36;Lucas Filipe Kaique Moura;lucasfilipekaiquemoura-81@genesyslab.com
798.117.891-69;Theo Pedro Henrique Jesus;theopedrohenriquejesus-90@emayl.com
825.471.744-30;Severino Diego Alexandre Almada;severinodiegoalexandrealmada__severinodiegoalexandrealmada@starmidia.tv
545.483.207-33;Gael Augusto Thiago da Rosa;gaelaugustothiagodarosa__gaelaugustothiagodarosa@vipsaude.com.br
040.915.613-22;Fábio Iago Joaquim Teixeira;fabioiagojoaquimteixeira..fabioiagojoaquimteixeira@techs.com.br
696.305.519-00;Diogo Enzo da Silva;diogoenzodasilva..diogoenzodasilva@vitaonline.com.br
659.553.629-32;Beatriz Jaqueline Giovana Caldeira;beatrizjaquelinegiovanacaldeira__beatrizjaquelinegiovanacaldeira@nacirembalagens.com.br
495.440.211-59;Rosângela Lívia Flávia Ferreira;rosangelaliviaflaviaferreira_@elevaconsultancy.com.br